Harriet Goldsmith,1985,Harriet_Goldsmith1404768674@d9un8.press,57.8132580226815,1.97331674736613
Lillian Douglas,2009,Lillian_Douglas847147071@jcf8v.website,81.7294755574453,1.58012921358465
Bart Walsh,2002,Bart_Walsh250536926@hepmv.biz,98.3455261633943,1.75668076522494
Belinda Dale,2013,Belinda_Dale77387454@zynuu.website,114.05656978607,1.57214813069075
Manuel Rainford,1980,Manuel_Rainford116229644@p5emz.zone,85.4629219379103,2.16485926624614
Jane Morris,1985,Jane_Morris2115591864@iaart.online,107.095738625897,1.90673669298493
Judith Duvall,1973,Judith_Duvall1080499458@1wa8o.works,75.7364980300127,2.28144025690921
Martha Burge,1995,Martha_Burge1955766584@3wbkp.solutions,55.8498972441768,1.98118471601102
Marvin Hood,2005,Marvin_Hood1551206858@jh02o.audio,90.1846806154049,2.48638066128193
Noemi Swan,1976,Noemi_Swan2131551108@v1wn5.host,68.1217569213462,1.59926861520823
Jade Adler,1978,Jade_Adler988462085@nb44i.site,81.0833039305095,1.80307857651407
Maria Santos,1978,Maria_Santos1658899444@uagvw.solutions,97.1524134211486,1.57848992613074
Daron Tyler,1980,Daron_Tyler1666208822@ptr6k.info,59.6395579716841,2.4421866968098
Maxwell Morrison,1973,Maxwell_Morrison1197012073@kyb7t.design,86.7470462295446,1.7505104360499
Lexi Richards,1980,Lexi_Richards1769376164@6ijur.org,101.421257376169,1.71835857957525
Candice Thornton,1987,Candice_Thornton512627410@1wa8o.tech,69.0037598779908,2.32117738138939
Adalie Garcia,1979,Adalie_Garcia1508927546@nmz0p.site,91.6178929955316,2.45884352586178
Sarah Bryant,2008,Sarah_Bryant1209510099@y96lx.auction,66.8657660625716,2.55560209875722
Leroy Brett,2004,Leroy_Brett442546624@dvqq2.works,105.511929792823,2.15419818250192
Ember Patel,1993,Ember_Patel1334275867@dbxli.online,97.7975271811232,2.08449477348686
Penelope Cooper,2008,Penelope_Cooper960138612@yafr7.app,84.8072493920602,1.76053356243322
Gwen Ripley,1977,Gwen_Ripley2127682161@ag5wi.space,74.7661888507503,1.84295700358365
Chester Simpson,1985,Chester_Simpson168114699@1kmd3.directory,103.140067760199,1.78691049623625
Wade Widdows,2004,Wade_Widdows920235800@bqkv0.site,97.0200797200762,1.9236519915255
Sienna Ellis,1970,Sienna_Ellis998332577@dbxli.us,104.462559159828,2.46256076022171
Kirsten Tanner,1981,Kirsten_Tanner301520455@dvqq2.info,85.001317579067,2.49741692460022
Brooklyn Vangness,1980,Brooklyn_Vangness618321357@jh02o.info,71.0544830665712,2.53431987336572
Daphne Selby,2018,Daphne_Selby134525211@6ijur.info,97.3127200472228,2.28440774446559
Nick Russell,2011,Nick_Russell425221502@nb44i.catering,84.5148935695248,2.33317356074842
Skylar Knott,2007,Skylar_Knott539505560@iaart.club,93.1915681654082,2.36070646703276
Lynn Shields,1994,Lynn_Shields308150175@qu9ml.meet,72.2995863756163,2.19685944659489
Logan Fowler,1977,Logan_Fowler940348776@c2nyu.mobi,75.5612783404353,1.72700032221479
David Preston,2000,David_Preston633567109@cke3u.auction,81.6810792880976,2.33638805926609
Julius Gates,1977,Julius_Gates1514741252@hepmv.press,99.2305481134591,2.55541517719413
Scarlett Baxter,2018,Scarlett_Baxter213083755@uagvw.page,113.838053557714,2.27374574336863
Iris Bailey,1998,Iris_Bailey1130946237@lyvnc.autos,86.8441959053018,1.58787013399781
Bart Flack,1975,Bart_Flack594069206@yfxpw.info,85.8299622025015,1.71926714668016
Kamila Rycroft,2010,Kamila_Rycroft662226861@xtwt3.tech,106.682908250104,2.44964671450185
Henry Uttley,1998,Henry_Uttley283423378@gkvds.digital,65.6891484429078,1.95873608173744
Gina Bowen,2013,Gina_Bowen2118232716@dbxli.mobi,102.318157879085,1.91733313316355
Ema Reyes,1980,Ema_Reyes1509617509@iaart.solutions,104.975295483356,2.31693437911427
Barry Taylor,1970,Barry_Taylor1492402947@jcf8v.pro,83.6551490361593,2.05572987644734
Joyce Dyson,1973,Joyce_Dyson892283228@cdpfn.host,68.8994633072985,1.89286757223907
Chloe Oldfield,2003,Chloe_Oldfield1987502405@avn7d.autos,97.8506836701886,2.54496523638487
Sadie Leigh,2012,Sadie_Leigh2095166093@ohqqh.software,82.84305134711,1.75006896586626
Rylee Rogers,2014,Rylee_Rogers1348126512@ohqqh.pro,108.738390786219,1.86415650331609
Matthew Antcliff,2007,Matthew_Antcliff3305976@gkvds.website,108.930678080037,1.86748808957054
Mason Hooper,1996,Mason_Hooper1164193156@dvqq2.org,81.4386387141136,2.49123746613564
Mason Steer,1975,Mason_Steer50185571@nb44i.property,78.9517779384981,2.53065769833078
Maxwell Slater,1993,Maxwell_Slater472409699@ohqqh.catering,74.9322775916347,1.93348846875759
Victoria Preston,1972,Victoria_Preston181932108@chkzl.info,57.3109667849778,1.75442997462788
Rosalyn Collingwood,2002,Rosalyn_Collingwood1922304819@karnv.page,79.5367675461046,1.91763708891237
Jennifer Turner,2007,Jennifer_Turner145068183@gnjps.software,86.1112991574273,2.52028544006882
Matt Wellington,1979,Matt_Wellington2068438467@iaart.business,67.9240096683726,2.45498887439025
Jane Jackson,2006,Jane_Jackson1210522295@voylg.digital,99.5208819988281,1.568685910147
Winnie Bailey,1990,Winnie_Bailey705589734@6ijur.store,68.7960113791265,2.07698103757435
Diane Maxwell,1970,Diane_Maxwell1519639527@1kmd3.us,81.3292733863132,1.77875287323201
Elijah Whinter,1991,Elijah_Whinter706553577@3wbkp.mobi,84.3560796509758,1.58610096010664
Samantha Wilson,1999,Samantha_Wilson1180869958@dvqq2.media,110.700496744924,1.99061920787702
Claire Matthews,1970,Claire_Matthews1196964264@iaart.website,94.0860296383435,1.62789301990899
Maria Ashley,2000,Maria_Ashley1922130465@cdpfn.space,90.3198819452989,2.4204140993489
Phillip Dann,1973,Phillip_Dann214445382@3wbkp.host,109.384034460822,1.93588003667811
Rae Dyson,2002,Rae_Dyson674568104@lyvnc.biz,75.6963339476829,2.48118986645769
Catherine Milner,1981,Catherine_Milner1985202364@yahoo.online,58.1094999898269,2.3823291923396
Rachael Terry,1970,Rachael_Terry1046527959@3wbkp.meet,98.1724382162431,1.8875968745945
Rosalyn Whinter,1985,Rosalyn_Whinter488484282@jcf8v.us,79.9721275793724,2.34987679946696
Rocco Thornton,1970,Rocco_Thornton1862250412@xqj6f.tech,86.3405829997922,1.91288914542314
Rocco Smith,1997,Rocco_Smith651218816@mpibr.software,89.9839816240054,2.26031323363088
Tom Fenton,1991,Tom_Fenton1296205005@yvu30.page,110.686917523009,1.97037312448508
Danny Coates,2001,Danny_Coates1031880084@nmz0p.pro,56.6538400864945,1.75680071910694
Liam Ward,1977,Liam_Ward1434245457@nanoff.com,92.3921828017999,1.95177771582817
Johnny Goodman,1989,Johnny_Goodman907348832@zynuu.net,111.395831153214,2.36202583354061
Kimberly Edmonds,1983,Kimberly_Edmonds1397549186@zynuu.store,69.9660040030563,1.88001960059629
Oliver Eddison,1993,Oliver_Eddison974544698@3wbkp.design,65.0685063766169,2.04239868063591
Ellen Wilkinson,1981,Ellen_Wilkinson158813987@ohqqh.property,75.718087854431,1.81292208662858
Johnathan Dowson,2003,Johnathan_Dowson836004227@jh02o.host,74.1439140213858,1.70751871868387
Matt Potts,2003,Matt_Potts2009912306@ptr6k.store,106.23401862743,1.70334532345801
Adela Vaughan,1985,Adela_Vaughan878859229@dbxli.club,99.616850627175,2.3955571207756
Moira Hastings,1989,Moira_Hastings1653578289@bcfhs.info,67.757201506876,1.58042823984308
Benny Stubbs,1991,Benny_Stubbs842762108@dvqq2.website,57.8562815172394,2.43754983076712
Liv Potts,1979,Liv_Potts146223392@6ijur.info,60.3947801379928,1.68134757597062
Cassandra Bingham,2002,Cassandra_Bingham1169873261@ckzyi.shop,94.0198917368054,1.6885788347612
Jane Foxley,1988,Jane_Foxley2096816421@ptr6k.us,92.5788436243678,1.64511326838523
Evelynn Stevens,1998,Evelynn_Stevens1235441436@gkvds.meet,56.6784550948899,2.23530842622524
Kieth Cassidy,2003,Kieth_Cassidy1585075464@d9un8.media,97.2103056249722,2.31937908178166
Aisha Jarrett,1983,Aisha_Jarrett1475644695@iaart.software,113.766047789839,2.01145795049679
Mike Bloom,2000,Mike_Bloom2065457825@yvu30.solutions,106.992150320901,1.56859248405723
Scarlett Dixon,1989,Scarlett_Dixon629700102@bu2lo.media,61.8835999268962,2.41456115280025
Tania Harrison,2001,Tania_Harrison646262691@yafr7.works,67.6936576735199,1.96903223697517
Vera Cunningham,1999,Vera_Cunningham232047665@bu2lo.property,70.3312954473455,2.37966342768616
Johnny Wilton,1987,Johnny_Wilton607691836@avn7d.info,83.6489910097555,2.05187394999521
Paige Rose,2015,Paige_Rose704006262@p5emz.club,89.7819359071003,1.71465392319237
Chanelle Gordon,1980,Chanelle_Gordon1504438914@chkzl.org,92.6308270395411,1.67615935811594
Britney Rycroft,1981,Britney_Rycroft2041818247@gnjps.website,57.2089644641192,2.08635597462131
Liam Allwood,2013,Liam_Allwood373496544@iscmr.auction,56.746792487915,1.63360544711054
Boris Ramsey,2015,Boris_Ramsey146332090@iaart.net,92.0101810798562,1.92358539683911
Amy Norton,1997,Amy_Norton193766566@1wa8o.store,82.7584983037126,2.00970637208303
Bryon Oswald,1989,Bryon_Oswald1740620680@3wbkp.autos,107.60738307522,2.21969347053193
Matt Welsch,1996,Matt_Welsch34817998@jh02o.audio,76.5923344376927,2.33450675180857
Freya Watson,1985,Freya_Watson1302615767@yafr7.business,98.2775652100228,1.59651193065406
Carol Becker,1989,Carol_Becker1442871206@c2nyu.store,59.1171287985598,2.04208933159806
Mackenzie Robinson,2016,Mackenzie_Robinson1184461307@dbxli.solutions,105.399142933031,1.81493990082989
Bryon Crawford,1987,Bryon_Crawford1069458420@p5emz.shop,109.883104709155,2.0217258866605
Denny Brock,1978,Denny_Brock1334585908@avn7d.business,57.539555027168,1.69004060421607
Michelle Veale,2006,Michelle_Veale1432552087@c2nyu.info,72.4449410382402,1.65175285189029
Nathan Rodgers,1980,Nathan_Rodgers688255953@voylg.page,97.1881406776086,1.93815847637977
Emerald Bennett,2018,Emerald_Bennett810996367@dvqq2.club,106.355098098449,2.23730222813659
Skylar Sylvester,1997,Skylar_Sylvester1601673580@ohqqh.tech,98.5959698055386,1.72290123582021
Carolyn Fox,1977,Carolyn_Fox875289572@karnv.software,82.8366432536098,2.428679165779
Aeris Rodgers,1996,Aeris_Rodgers1461031790@ag5wi.site,57.5807870636139,1.74654880029454
Wade Jennson,1996,Wade_Jennson1639909508@xqj6f.property,56.4577366220568,1.77916865940167
Melody Parr,1990,Melody_Parr502601834@p5emz.video,58.8841698381045,2.34780523305191
Angel Speed,1995,Angel_Speed419308011@kyb7t.online,94.5558454916141,2.27917468342892
Wade Tobin,2015,Wade_Tobin1874095746@xtwt3.video,112.821173914858,2.26328753288057
Liam Wilde,1984,Liam_Wilde559636464@uagvw.store,94.514975761536,2.17798800230864
Helen Butler,2017,Helen_Butler510937152@yafr7.us,91.7819015287244,1.70096590603747
Marilyn Leslie,1973,Marilyn_Leslie652585752@jh02o.store,95.9112482389488,2.41604486002403
Joseph Ramsey,2012,Joseph_Ramsey1913146583@cdpfn.shop,76.893093047381,2.21961796914209
Stacy York,1989,Stacy_York1954719674@karnv.app,107.208371420721,2.15374139159626
Summer Robertson,1984,Summer_Robertson389510222@p5emz.solutions,78.8232169883899,1.93060111918049
Nate Hall,1982,Nate_Hall805474055@crzq7.business,71.4242087630202,1.6377389142093
Destiny Thompson,2003,Destiny_Thompson1953728624@yfxpw.online,88.0415693319131,1.76618601572057
Elle Yoman,1987,Elle_Yoman1295836197@yfxpw.website,108.501716125292,1.57130949380403
Elijah Cox,2000,Elijah_Cox1387531936@nmz0p.software,108.947502397675,2.43728829769291
Rufus Archer,1997,Rufus_Archer1088401752@zynuu.media,114.276476108365,2.39158565677311
Florence Pond,2015,Florence_Pond33172886@p5emz.name,93.5209255279139,1.89772891077107
Nate Addison,2000,Nate_Addison632655006@iscmr.catering,99.1409701838349,2.04053593443732
Katelyn Ingram,1990,Katelyn_Ingram89956106@6ijur.meet,78.5136420298431,2.46457035037902
Bryon Weldon,2009,Bryon_Weldon1545142576@iaart.design,108.291717393227,1.7225513290812
Mason Walker,1972,Mason_Walker1907849488@y96lx.info,59.5365967862478,2.30007259204056
Megan Thomson,1974,Megan_Thomson1266986576@bqkv0.page,108.118556306054,1.93419501569783
Davina Logan,2014,Davina_Logan1032013411@d9un8.solutions,95.2566676925666,2.33581138106799
Bethany Yard,2011,Bethany_Yard2142191930@y96lx.info,68.4358761505857,1.99880139078889
Eduardo Farrell,1984,Eduardo_Farrell1338398653@gkvds.video,74.4039427409433,2.02145639031262
Julian Fleming,2012,Julian_Fleming2085615328@ohqqh.website,93.8688434382755,2.0002769205348
Josephine Irving,2015,Josephine_Irving1609890235@bqkv0.name,94.909725487423,2.00725790687243
Ciara Vangness,1992,Ciara_Vangness411147733@bcfhs.edu,72.9427053166752,2.24964313375281
Emma Murphy,1980,Emma_Murphy295652677@d9un8.biz,90.7908712054095,2.28970012376537
Nicholas Lowe,2003,Nicholas_Lowe1487064582@dvqq2.tech,72.741707718578,2.25623760212969
Wade Richardson,2000,Wade_Richardson1109206008@karnv.audio,60.5803695563601,1.6044239899723
Hailey Shields,1994,Hailey_Shields1146482789@y96lx.center,85.3065705428862,2.44916423632259
David Kelly,1983,David_Kelly1105731816@ag5wi.online,90.6415381632473,1.57320037386064
Eryn Moss,2014,Eryn_Moss1127731446@ohqqh.works,111.691066511996,2.02330417341707
Nathan Martin,2018,Nathan_Martin429788452@ckzyi.website,107.243110297128,1.78189001935622
Julianna Craig,2003,Julianna_Craig514280428@3wbkp.video,95.9758644841965,2.45027877798783
Rosalee Ellis,1983,Rosalee_Ellis1353693191@yvu30.shop,68.3444693828209,1.97144012213286
Tom Khan,2013,Tom_Khan1134257189@ohqqh.software,83.7668116578212,1.70332815685464
Jenna Osman,2004,Jenna_Osman1809226703@zynuu.host,89.998564947163,1.89844638631607
Allison Villiger,2003,Allison_Villiger1971717803@bcfhs.us,86.0377040298365,2.49860894857841
Chester Ainsworth,1976,Chester_Ainsworth746195953@zynuu.store,108.497691571246,2.0392438631315
Faith Price,1995,Faith_Price2007809287@avn7d.edu,70.7512683250249,1.9695804921396
Mason Duvall,1994,Mason_Duvall1827488613@voylg.press,78.2486855232849,1.67792532266952
Jamie Ross,1990,Jamie_Ross1508246811@nmz0p.us,73.1093420389152,2.04040025703628
Chanelle Morrison,1974,Chanelle_Morrison832578661@uagvw.space,113.769938970576,1.71389282496362
Alexia Fenton,1973,Alexia_Fenton1812333195@bcfhs.app,59.1133550436298,2.16591297811173
Bryce Forth,2015,Bryce_Forth1089078024@nmz0p.digital,65.4549495307519,1.96541243339209
Liam Ashley,1996,Liam_Ashley1624031130@dbxli.com,84.2567999683119,1.90379081350928
Phillip Drew,2010,Phillip_Drew1361862443@ds59r.website,65.0497358290245,1.9310396510414
Bart Shaw,2018,Bart_Shaw979090225@chkzl.center,110.612444835767,2.53851874026401
Johnathan Garcia,2003,Johnathan_Garcia658107178@yafr7.video,70.6328459629476,1.56252106366796
Emery Clarkson,1995,Emery_Clarkson1459780921@jh02o.online,57.30164781157,1.57459941827441
Georgia Pratt,1987,Georgia_Pratt1629220070@mpibr.store,59.3082697693297,2.08460583510092
Wade Vane,1974,Wade_Vane2020828062@crzq7.catering,100.781043416486,1.57847901335847
Julian Boyle,1997,Julian_Boyle2013254905@jh02o.autos,87.5888420418319,1.91288048458885
Rosie Vaughn,1987,Rosie_Vaughn2036221852@6ijur.site,55.5684875422476,2.07157398499156
Erick Durrant,2009,Erick_Durrant1245131122@1kmd3.design,61.5251976298286,2.31663236610435
Martha Hancock,1993,Martha_Hancock440586348@ptr6k.online,84.7641431113072,2.0670686682626
Logan Owens,1972,Logan_Owens1248855572@ptr6k.solutions,96.7717033746986,2.03418814500523
Melania Duvall,1986,Melania_Duvall288190272@ag5wi.audio,83.4789994317009,1.56828564539938
Claire Ryan,2007,Claire_Ryan996318592@yahoo.tech,91.0667696127513,1.66946894814701
Phillip York,2002,Phillip_York1122019772@crzq7.tech,93.8153578621873,2.12715285618191
Rocco Newman,1990,Rocco_Newman1867174481@v1wn5.website,106.291923214585,2.07472913125284
Chester Snell,1995,Chester_Snell1774263756@1kmd3.info,56.1699177397741,1.75404038795924
Mason Tate,2015,Mason_Tate996229362@p5emz.pro,101.821450563297,2.49539418090852
Hayden Bailey,1974,Hayden_Bailey110976028@kyb7t.ca,83.2152034024313,2.24636334300338
Rufus Collis,1971,Rufus_Collis18634780@nanoff.meet,82.7993822560177,2.50444295901081
Brad Robe,2018,Brad_Robe2013288694@1wa8o.video,86.507302988324,2.39774745643034
Henry Whinter,2008,Henry_Whinter1573461236@karnv.software,88.7036979087646,2.2658158454978
Mabel Waterson,2003,Mabel_Waterson949368111@p5emz.software,57.3598930001538,2.09242045619172
Jack Allcott,1974,Jack_Allcott127970387@6ijur.net,59.6828438323843,2.14470830115709
Daron Furnell,1981,Daron_Furnell458314993@1wa8o.space,94.2387236118031,1.59693646427101
Nathan Corbett,1974,Nathan_Corbett538539169@crzq7.audio,98.4899223395576,2.02014803762555
Jade Murray,1986,Jade_Murray1371959388@jcf8v.shop,106.623536449915,1.78489429136035
Maggie Neal,1995,Maggie_Neal445855960@chkzl.digital,62.7074951781926,1.89314464023949
Danny Webster,2018,Danny_Webster2099965852@cke3u.shop,80.9649517682683,1.90294625946458
Benjamin Ebden,2013,Benjamin_Ebden1882016479@cdpfn.design,73.3587401769397,1.87227380191548
Gloria Owens,1993,Gloria_Owens1587374208@cdpfn.website,95.3710984149347,2.38127223062388
Harvey Turner,1982,Harvey_Turner1391516303@zynuu.biz,87.1886034266504,2.29389507678053
Michelle Clark,1982,Michelle_Clark706013643@ds59r.catering,57.4149361382774,1.81740527420184
Dorothy Powell,2011,Dorothy_Powell1080803561@6ijur.info,74.2894880603019,1.86867939596469
Jayden Richards,1981,Jayden_Richards1321842119@nmz0p.store,62.8268741752612,1.61256290782828
Tony Olivier,1994,Tony_Olivier1023486188@lyvnc.ca,101.341739215814,1.60113660056197
Gabriel Murphy,1983,Gabriel_Murphy1698571471@crzq7.tech,73.871488451665,1.67399427713547
Manuel Walter,2010,Manuel_Walter209021555@yvu30.center,101.283671763625,2.43026933481464
Chad Hunt,1981,Chad_Hunt14522913@lhp4j.center,105.523281933285,1.74934867074217
Elijah Robinson,2008,Elijah_Robinson735324680@bqkv0.catering,80.5181856905195,2.14234007404295
Camila Evans,2009,Camila_Evans1382876637@bqkv0.center,75.5706255454899,2.14787514576124
Parker Nielson,1990,Parker_Nielson1216085395@mpibr.zone,108.021163353939,1.89583269330479
Mackenzie Patel,1990,Mackenzie_Patel652413880@bqkv0.auction,104.854336654467,2.41462184709246
Drew Gilmore,1991,Drew_Gilmore430004313@crzq7.auction,80.1811378848186,2.4136897091445
Wendy Rodwell,2009,Wendy_Rodwell1973988037@cdpfn.website,96.6364980280104,1.69539917354258
Angelique Walsh,1985,Angelique_Walsh465835116@kyb7t.auction,91.7298265845654,1.71279938147999
Kendra Clifford,1973,Kendra_Clifford254838200@cdpfn.video,64.6021306650257,2.188296654964
Sonya Giles,1984,Sonya_Giles1081083621@1wa8o.website,69.1441633066368,1.92013771330944
Peter Plumb,2015,Peter_Plumb1888195555@cdpfn.pro,95.5688193901762,2.43236740201356
Martin Walsh,1999,Martin_Walsh1825495924@evyvh.property,75.4829677389855,1.92959615786075
Chad Clarke,2010,Chad_Clarke1961479469@gkvds.business,56.4981742715455,2.41422164520911
Margot Heaton,2007,Margot_Heaton425089456@v1wn5.store,103.921305153249,1.71058720118859
Chadwick Wild,1984,Chadwick_Wild1937449048@gnjps.website,98.8143363307763,2.52778424455215
Hailey Addis,2000,Hailey_Addis113222657@cke3u.solutions,97.5583738149416,2.09520840151944
Goldie Umney,2013,Goldie_Umney196963348@jcf8v.club,59.6625552615908,2.23261253235518
Anne Uddin,2017,Anne_Uddin1312288155@lhp4j.digital,79.7547369065018,2.09861164792376
Leanne Callan,2013,Leanne_Callan1226642269@avn7d.site,78.2048113973368,2.23105201895863
Freya Plant,1989,Freya_Plant45291187@zynuu.com,84.7429617169513,2.55673592904431
Leroy Burge,2004,Leroy_Burge189488949@ckzyi.solutions,95.1405168085548,2.07238573180157
Cameron Thompson,2016,Cameron_Thompson429155546@v1wn5.site,57.2836398243828,1.59400272179116
Caleb Fox,2006,Caleb_Fox455718266@bcfhs.info,93.2578423622799,1.94555691222919
Sadie Spencer,2006,Sadie_Spencer1868192755@xtwt3.solutions,109.528836757889,2.00625374323048
Leslie Fleming,2015,Leslie_Fleming145398910@bu2lo.edu,80.7215305097501,2.29049901087326
Domenic Scott,1976,Domenic_Scott755899694@kyb7t.property,82.5039117233846,2.29252477903502
Benny Robe,1983,Benny_Robe980642314@ptr6k.business,89.3567956736576,1.59590971978191
Ema Groves,1975,Ema_Groves588052881@gkvds.page,60.8185419194952,1.57614200091741
Clint Coates,1975,Clint_Coates1580386673@p5emz.site,82.061286801268,2.53929782978226
Erick Cox,2015,Erick_Cox1687283501@avn7d.biz,84.1526155451558,2.05309885059162
Grace Stone,1992,Grace_Stone517495837@xtwt3.page,108.408421729649,1.73419433601862
Brad Edwards,1970,Brad_Edwards720897658@bu2lo.info,84.9136874076974,1.60172844115725
Irene Lane,1972,Irene_Lane719976652@xtwt3.online,110.33612452626,2.06352276326321
Trisha Holt,1986,Trisha_Holt606643366@nanoff.business,106.169908217466,2.39088383582927
Sofia Neville,1992,Sofia_Neville1683072713@zynuu.edu,71.6510000131796,2.37698549157799
Jacqueline Vollans,1998,Jacqueline_Vollans399947191@1wa8o.ca,84.4838550407364,1.82847943815798
Russel Reyes,2004,Russel_Reyes2124927108@3wbkp.tech,88.0536862679541,2.51596889218128
Carl Burge,1982,Carl_Burge1898522809@crzq7.autos,78.0618723549702,1.96459093330642
Jenna Stone,1993,Jenna_Stone1522662244@mpibr.biz,78.679094858551,2.07859436813676
Javier Russel,1997,Javier_Russel191639093@jh02o.info,89.1053005650664,2.37078035003076
Emma Dixon,1990,Emma_Dixon1980817757@gkvds.app,110.095944762507,2.07376455347695
Nick Lynch,2015,Nick_Lynch1110248146@ds59r.video,76.6618661029087,2.41406438394173
Benjamin Saunders,2015,Benjamin_Saunders687506683@v1wn5.zone,67.4880453552995,2.41934537130378
Harvey Hunt,2005,Harvey_Hunt611823513@kyb7t.works,70.7489347077203,2.32817725541451
Ronald Boyle,1989,Ronald_Boyle363057554@crzq7.edu,66.7393991063532,2.54367006703451
Alexander Carpenter,1991,Alexander_Carpenter2135676712@nb44i.space,67.8929143312354,1.92435023386234
John Vince,1973,John_Vince1695196247@3wbkp.directory,60.4070425671092,1.90810463820962
Martin Simpson,1972,Martin_Simpson1962816443@ohqqh.video,94.2931434003604,2.03596591220981
Sydney Bennett,1999,Sydney_Bennett1816266804@hepmv.zone,76.5290120407143,1.56580549799176
Danny Higgs,1973,Danny_Higgs211844984@y96lx.info,67.6612461177452,1.96549449175852
Evie Woodcock,1992,Evie_Woodcock2021053661@c2nyu.press,105.232032043735,2.01433502060097
Henry Roman,1972,Henry_Roman389984147@nanoff.page,77.0472702214249,1.79505922371292
Janelle Blackburn,1992,Janelle_Blackburn1827100004@bcfhs.press,84.0780565098757,2.55962902022508
Angelique Robertson,1976,Angelique_Robertson835653231@iaart.site,86.6859107139455,1.59657714092945
Maria Freeburn,1993,Maria_Freeburn93221909@3wbkp.net,93.2989373266692,2.41633095719681
Hadley Reading,1978,Hadley_Reading1038333800@lyvnc.services,55.7554687211548,2.26556592508478
Jayden Simpson,1997,Jayden_Simpson125786395@cdpfn.us,72.5096654743001,2.4140458529508
Melanie Andrews,2016,Melanie_Andrews808061258@gnjps.ca,103.438176670549,1.63056234966524
Eden Mills,2001,Eden_Mills461604435@bcfhs.store,95.6756018503455,2.20540529374285
Bart Snow,2015,Bart_Snow1053464399@iscmr.autos,86.9945760921084,2.05307813658057
Daniel Collins,2007,Daniel_Collins1163793474@xqj6f.catering,86.9511603226192,2.31573415623779
Sarah Simpson,1982,Sarah_Simpson882368596@1kmd3.website,58.8199927417189,2.28850120334351
Paige Wheeler,2004,Paige_Wheeler963427409@xqj6f.biz,70.9100223185541,1.71116115340551
Tom Villiger,1970,Tom_Villiger965638983@xqj6f.press,101.135657092387,1.75241011710484
Stacy Chapman,2016,Stacy_Chapman522469562@gkvds.audio,78.9410755128791,1.86542716630987
Parker Wilson,1989,Parker_Wilson1782840093@lhp4j.ca,77.6961741662566,1.86047847949922
Noah Farmer,2012,Noah_Farmer859894031@6ijur.tech,69.0474262733699,1.61411687635543
Mason Duvall,2010,Mason_Duvall1081195840@cke3u.works,91.51362374379,2.11175269886467
Robyn Gilmour,2006,Robyn_Gilmour99969040@ckzyi.press,72.7622219367242,1.70943725902095
Julius Williams,2014,Julius_Williams825141320@nmz0p.info,96.7076315331308,2.31343328842587
Denis Varley,1986,Denis_Varley2146022699@iaart.works,61.0825288852595,1.84629831563975
Shelby Mitchell,2006,Shelby_Mitchell1406183312@hepmv.design,78.7516979068758,2.13590671562399
Daria Brown,2011,Daria_Brown1288035551@jcf8v.com,80.8109448032039,2.05977051769373
Elijah Dunbar,1977,Elijah_Dunbar1535903470@ckzyi.shop,55.6623267760325,1.68008814472709
Martin Johnson,2014,Martin_Johnson1352942154@zynuu.meet,92.312070944259,2.02366134726613
Michael Jenkin,2016,Michael_Jenkin310154731@karnv.ca,73.6519038044624,2.0397496849111
Eryn Neville,1994,Eryn_Neville1098820346@bqkv0.property,57.7358333283271,2.24022544015209
Lucy Kennedy,2001,Lucy_Kennedy1484842738@avn7d.host,94.1941489664345,2.25948624339862
Tom Vernon,2008,Tom_Vernon1654329839@iaart.property,88.3434213641302,1.96168383363713
Henry Sloan,1975,Henry_Sloan298179171@mpibr.design,64.2756915841138,1.89621618213887
Jacob Booth,1979,Jacob_Booth1072348768@avn7d.works,77.9925299605786,2.04527199844144
Julianna Hunt,2008,Julianna_Hunt1542330655@gnjps.name,88.1870945928093,2.49644796914256
Jamie Flynn,2009,Jamie_Flynn1230525686@uagvw.mobi,90.0547193957282,1.6950352974306
Denny Russel,1998,Denny_Russel1245736409@bcfhs.works,70.967760585932,1.93742848898164
Analise Shepherd,1983,Analise_Shepherd775540975@ckzyi.app,62.7195795831362,1.6121923811418
Oliver Upsdell,1995,Oliver_Upsdell1467128981@ckzyi.club,100.40784917721,1.82648589608562
Maria Palmer,1991,Maria_Palmer310909484@crzq7.site,70.9227565403202,2.24520045871157
Aisha Hopkinson,1991,Aisha_Hopkinson652738162@fhuux.name,80.928566304235,1.81767894427184
Hanna Parker,2011,Hanna_Parker141995825@ag5wi.net,57.2092774229633,2.46789254005435
Emely Gordon,2008,Emely_Gordon1974275752@iaart.software,60.4562548524496,1.79592916607667
Barry Robinson,1973,Barry_Robinson508144207@mpibr.autos,99.9716606403103,1.82727937686596
Nate Fox,2004,Nate_Fox655585433@ag5wi.meet,89.8989445070731,1.90180212549018
Jack Morgan,2016,Jack_Morgan1134590053@dbxli.autos,92.8509512126217,2.36307913143331
Madison Lomax,1991,Madison_Lomax9197141@uagvw.video,83.46010853488,2.4269228953621
Bart Reynolds,2018,Bart_Reynolds443065453@voylg.media,73.8712454779871,1.68894337397485
Julian Cobb,1975,Julian_Cobb613632843@1wa8o.com,67.3378547555012,1.78432771009595
Angelique Farmer,1979,Angelique_Farmer1872172188@ag5wi.zone,68.4329232377619,2.03006443257912
Norah Umney,2009,Norah_Umney1156157019@y96lx.online,61.5403208113463,2.3074238256679
Carl Fox,1992,Carl_Fox1910176080@dbxli.page,95.2571690914953,1.73690446329159
Nathan Drummond,2016,Nathan_Drummond16922521@ag5wi.club,89.6540344381491,2.54206611675307
Rita Lynch,1980,Rita_Lynch1051889620@v1wn5.club,104.22644388663,2.11262152131303
Isabella Dallas,1990,Isabella_Dallas876478064@kyb7t.business,92.7613012652198,1.99618149516926
Luke Sinclair,2003,Luke_Sinclair1265474654@y96lx.us,106.951744876081,2.18469175766441
Chuck Burnley,1984,Chuck_Burnley1456186421@ag5wi.shop,81.4426550189697,2.0872068425674
Peter Graves,1971,Peter_Graves1277570920@karnv.services,92.022439375763,2.15235795102658
Caydence Davies,2003,Caydence_Davies1729578871@c2nyu.tech,98.3617231495966,1.59494977067921
Julius Tait,2006,Julius_Tait220262502@bqkv0.tech,73.3270055511161,1.68874244438891
Eden Quinton,1991,Eden_Quinton1197040364@yfxpw.info,56.3260382417711,2.32326095488074
Harmony Dann,1997,Harmony_Dann2114686226@iaart.tech,99.7305603545301,1.88925409792422
Laila Simpson,1974,Laila_Simpson1839227041@1wa8o.app,109.732655499239,1.70530480426983
Joseph Poulton,2001,Joseph_Poulton767347097@xtwt3.auction,84.3574827126495,1.59971739580842
Barney Cork,2005,Barney_Cork1167045039@urn0m.club,90.5808432195712,2.24302654320515
Joseph Cavanagh,2014,Joseph_Cavanagh1009841332@xtwt3.solutions,106.393840017679,2.28883570321316
Ron Ebden,1988,Ron_Ebden719355515@xtwt3.page,56.2430210387069,2.51733959505211
Marla Hopkinson,1989,Marla_Hopkinson263667554@v1wn5.center,97.1301605732321,2.48881201204323
Ethan Richards,2008,Ethan_Richards980786629@bu2lo.mobi,57.5056023872484,1.83714052017645
Selena Bennett,1993,Selena_Bennett357875981@kyb7t.website,55.5685367137513,1.65479335467089
Chuck Cunningham,1991,Chuck_Cunningham150661890@bcfhs.info,79.6911872365471,2.33525367111678
Shelby Allington,2016,Shelby_Allington1160966461@ds59r.business,78.2047407318394,2.03926510985906
Michaela Salt,1988,Michaela_Salt1370512276@ohqqh.digital,90.1178477190518,2.01534025852351
Michael Darcy,1999,Michael_Darcy18422027@y96lx.net,104.082689495097,1.70472421777655
Sage Vangness,1989,Sage_Vangness473700577@jh02o.ca,58.1922653083188,2.07216255338498
Chris Anderson,2001,Chris_Anderson1472578519@crzq7.app,78.1114407678188,2.45020835277168
Anthony Buckley,1994,Anthony_Buckley2010874736@ds59r.online,98.3838707892615,1.75237786121312
Holly Groves,1976,Holly_Groves497770851@zynuu.info,62.0688540723961,2.24660923684324
Molly Beal,1983,Molly_Beal787088624@karnv.pro,94.7003273727374,2.19015563442845
Gil Cann,2012,Gil_Cann1560131973@1kmd3.press,93.4769880501446,2.0722212471963
Rachael Stuart,2017,Rachael_Stuart1178236929@xtwt3.store,67.0046758449192,2.25742834274537
Marla Briggs,1995,Marla_Briggs1398307698@ag5wi.edu,78.7152115559276,2.07693138038597
Julian Uttridge,2011,Julian_Uttridge773324448@cdpfn.works,72.4264741781757,2.36174900442443
Jack Booth,2010,Jack_Booth867389331@mpibr.info,76.5107164932465,2.24444112347646
Julius Parker,2005,Julius_Parker432296477@yahoo.autos,62.0858584966445,2.27260731374501
Luke Warden,1986,Luke_Warden1501186762@p5emz.info,108.729546125619,2.04163638286369
Liam Mooney,2003,Liam_Mooney1787970751@karnv.info,66.3541473969138,1.90616074447807
Mark Morris,1981,Mark_Morris1348293540@1kmd3.name,98.3197253899741,1.69210032793325
Ronald Hammond,1973,Ronald_Hammond125793466@bu2lo.ca,65.602443847853,2.22520079070013
David Dixon,1971,David_Dixon1101458903@xqj6f.tech,107.913822820137,2.48370987354019
Jacob Bradshaw,1990,Jacob_Bradshaw1016086296@cdpfn.store,108.011221969273,2.41170291962647
Erick Mooney,1982,Erick_Mooney1625888524@jcf8v.page,97.1825557400857,1.96493623418963
Nate Savage,1993,Nate_Savage1278876887@hepmv.website,57.4262843862764,1.87659904835587
Noah Hamilton,2000,Noah_Hamilton1387638293@dvqq2.shop,108.715234190326,2.02568584789787
Mason Walker,1986,Mason_Walker536871769@c2nyu.org,73.2159344506059,1.79725628118834
Ronald Terry,1998,Ronald_Terry2128650281@chkzl.org,72.9787833674246,2.19559227652643
Mason Ellis,1980,Mason_Ellis284139851@voylg.solutions,76.2836177469155,2.53493369317378
Sebastian Morris,1996,Sebastian_Morris563733497@voylg.catering,65.1228724055099,1.74365350886418
Wade Brett,1995,Wade_Brett125451558@voylg.press,57.4214010359353,1.752455291372
Bob Attwood,1996,Bob_Attwood80851059@chkzl.zone,105.875094923365,2.32603687916232
Barney Wild,1990,Barney_Wild955402798@yahoo.zone,76.8198874584957,1.69541608403223
Joseph Stark,1978,Joseph_Stark1321518809@xtwt3.works,85.2534213493361,1.58371451958256
Mike Parker,1983,Mike_Parker1548091735@cdpfn.video,82.2593627384675,2.39432571628798
Rufus Miller,2002,Rufus_Miller1355137371@urn0m.page,74.0503712429434,2.10209714035601
Harry Thomson,2017,Harry_Thomson1872784756@1kmd3.website,90.369729231051,1.77621851307164
Nathan Price,2009,Nathan_Price372410940@chkzl.website,114.368360814577,1.57033481490348
Oliver Milner,1980,Oliver_Milner2064582038@iaart.autos,109.938054878003,1.95238280448708
Russel Rodgers,2006,Russel_Rodgers1611704441@v1wn5.ca,105.676858706016,1.7984192730479
Harvey Abbey,1998,Harvey_Abbey1776215751@y96lx.digital,98.0638845979999,2.21110172780748

